<?xml version="1.0" encoding="Windows-1252"?>
<NotepadPlus>
    <LexerStyles>
        <LexerType name="java" desc="Java" ext="">
            <WordsStyle name="PREPROCESSOR" styleID="9" fgColor="FF79C6" bgColor="282A36" fontName="" fontStyle="0" fontSize="" />
            <WordsStyle name="DEFAULT" styleID="11" fgColor="F8F8F2" bgColor="282A36" fontName="" fontStyle="0" fontSize="" />
            <WordsStyle name="INSTRUCTION WORD" styleID="5" fgColor="FF79C6" bgColor="282A36" fontName="" fontStyle="0" fontSize="" keywordClass="instre1">@Override @SuppressWarnings @SafeVarargs @FunctionalInterface @Retention @Documented @Target @Inherited @Repeatable @Deprecated</WordsStyle>
            <WordsStyle name="TYPE WORD" styleID="16" fgColor="50FA7B" bgColor="282A36" fontName="" fontStyle="0" fontSize="" />
            <WordsStyle name="NUMBER" styleID="4" fgColor="FF5555" bgColor="282A36" fontName="" fontStyle="0" fontSize="" />
            <WordsStyle name="STRING" styleID="6" fgColor="FF5555" bgColor="282A36" fontName="" fontStyle="0" fontSize="" />
            <WordsStyle name="CHARACTER" styleID="7" fgColor="FFB86C" bgColor="282A36" fontName="" fontStyle="0" fontSize="" />
            <WordsStyle name="OPERATOR" styleID="10" fgColor="FF79C6" bgColor="282A36" fontName="" fontStyle="0" fontSize="" />
            <WordsStyle name="VERBATIM" styleID="13" fgColor="F8F8F2" bgColor="282A36" fontName="" fontStyle="0" fontSize="" />
            <WordsStyle name="REGEX" styleID="14" fgColor="8BE9FD" bgColor="282A36" fontName="" fontStyle="0" fontSize="" />
            <WordsStyle name="COMMENT" styleID="1" fgColor="6272A4" bgColor="282A36" fontName="" fontStyle="0" fontSize="" />
            <WordsStyle name="COMMENT LINE" styleID="2" fgColor="6272A4" bgColor="282A36" fontName="" fontStyle="0" fontSize="" />
            <WordsStyle name="COMMENT DOC" styleID="3" fgColor="6272A4" bgColor="282A36" fontName="" fontStyle="0" fontSize="" />
            <WordsStyle name="COMMENT LINE DOC" styleID="15" fgColor="6272A4" bgColor="282A36" fontName="" fontStyle="0" fontSize="" />
            <WordsStyle name="COMMENT DOC KEYWORD" styleID="17" fgColor="6272A4" bgColor="282A36" fontName="" fontStyle="0" fontSize="" />
            <WordsStyle name="COMMENT DOC KEYWORD ERROR" styleID="18" fgColor="6272A4" bgColor="282A36" fontName="" fontStyle="0" fontSize="" />
        </LexerType>
        <LexerType name="cpp" desc="C++" ext="">
            <WordsStyle name="PREPROCESSOR" styleID="9" fgColor="FF79C6" bgColor="282A36" fontName="" fontStyle="0" fontSize="" />
            <WordsStyle name="DEFAULT" styleID="11" fgColor="F8F8F2" bgColor="282A36" fontName="" fontStyle="0" fontSize="" />
            <WordsStyle name="INSTRUCTION WORD" styleID="5" fgColor="FF79C6" bgColor="282A36" fontName="" fontStyle="0" fontSize="" keywordClass="instre1">alignas alignof noexcept nullptr static_assert thread_local final override</WordsStyle>
            <WordsStyle name="TYPE WORD" styleID="16" fgColor="50FA7B" bgColor="282A36" fontName="" fontStyle="0" fontSize="" />
            <WordsStyle name="NUMBER" styleID="4" fgColor="FF5555" bgColor="282A36" fontName="" fontStyle="0" fontSize="" />
            <WordsStyle name="STRING" styleID="6" fgColor="FF5555" bgColor="282A36" fontName="" fontStyle="0" fontSize="" />
            <WordsStyle name="CHARACTER" styleID="7" fgColor="FFB86C" bgColor="282A36" fontName="" fontStyle="0" fontSize="" />
            <WordsStyle name="OPERATOR" styleID="10" fgColor="FF79C6" bgColor="282A36" fontName="" fontStyle="0" fontSize="" />
            <WordsStyle name="VERBATIM" styleID="13" fgColor="F8F8F2" bgColor="282A36" fontName="" fontStyle="0" fontSize="" />
            <WordsStyle name="REGEX" styleID="14" fgColor="8BE9FD" bgColor="282A36" fontName="" fontStyle="0" fontSize="" />
            <WordsStyle name="COMMENT" styleID="1" fgColor="6272A4" bgColor="282A36" fontName="" fontStyle="0" fontSize="" />
            <WordsStyle name="COMMENT LINE" styleID="2" fgColor="6272A4" bgColor="282A36" fontName="" fontStyle="0" fontSize="" />
            <WordsStyle name="COMMENT DOC" styleID="3" fgColor="6272A4" bgColor="282A36" fontName="" fontStyle="0" fontSize="" />
            <WordsStyle name="COMMENT LINE DOC" styleID="15" fgColor="6272A4" bgColor="282A36" fontName="" fontStyle="0" fontSize="" />
            <WordsStyle name="COMMENT DOC KEYWORD" styleID="17" fgColor="6272A4" bgColor="282A36" fontName="" fontStyle="0" fontSize="" />
            <WordsStyle name="COMMENT DOC KEYWORD ERROR" styleID="18" fgColor="6272A4" bgColor="282A36" fontName="" fontStyle="0" fontSize="" />
            <WordsStyle name="PREPROCESSOR COMMENT" styleID="23" fgColor="6272A4" bgColor="282A36" fontName="" fontStyle="0" fontSize="" />
            <WordsStyle name="PREPROCESSOR COMMENT DOC" styleID="24" fgColor="6272A4" bgColor="282A36" fontName="" fontStyle="0" fontSize="" />
        </LexerType>
        <LexerType name="xml" desc="XML" ext="xaml svg xul vcxproj csproj vbproj fsproj lsxtproj shproj xproj ccproj jsproj sqlproj dbproj msbuildproj props">
            <WordsStyle name="XMLSTART" styleID="12" fgColor="FF79C6" bgColor="282A36" fontName="" fontStyle="0" fontSize="" />
            <WordsStyle name="XMLEND" styleID="13" fgColor="FF79C6" bgColor="282A36" fontName="" fontStyle="0" fontSize="" />
            <WordsStyle name="DEFAULT" styleID="0" fgColor="F8F8F2" bgColor="282A36" fontName="" fontStyle="0" fontSize="" />
            <WordsStyle name="COMMENT" styleID="9" fgColor="6272A4" bgColor="282A36" fontName="" fontStyle="0" fontSize="" />
            <WordsStyle name="NUMBER" styleID="5" fgColor="F8F8F2" bgColor="282A36" fontName="" fontStyle="0" fontSize="" />
            <WordsStyle name="DOUBLESTRING" styleID="6" fgColor="F8F8F2" bgColor="282A36" fontName="" fontStyle="0" fontSize="" />
            <WordsStyle name="SINGLESTRING" styleID="7" fgColor="F8F8F2" bgColor="282A36" fontName="" fontStyle="0" fontSize="" />
            <WordsStyle name="TAG" styleID="1" fgColor="FF79C6" bgColor="282A36" fontName="" fontStyle="0" fontSize="" />
            <WordsStyle name="TAGEND" styleID="11" fgColor="FF79C6" bgColor="282A36" fontName="" fontStyle="0" fontSize="" />
            <WordsStyle name="TAGUNKNOWN" styleID="2" fgColor="FF79C6" bgColor="282A36" fontName="" fontStyle="0" fontSize="" />
            <WordsStyle name="ATTRIBUTE" styleID="3" fgColor="50FA7B" bgColor="282A36" fontName="" fontStyle="0" fontSize="" />
            <WordsStyle name="ATTRIBUTEUNKNOWN" styleID="4" fgColor="50FA7B" bgColor="282A36" fontName="" fontStyle="0" fontSize="" />
            <WordsStyle name="SGMLDEFAULT" styleID="21" fgColor="F8F8F2" bgColor="282A36" fontName="" fontStyle="0" fontSize="" />
            <WordsStyle name="CDATA" styleID="17" fgColor="F8F8F2" bgColor="282A36" fontName="" fontStyle="0" fontSize="" />
        </LexerType>
        <LexerType name="html" desc="HTML" ext="">
            <WordsStyle name="DEFAULT" styleID="0" fgColor="F8F8F2" bgColor="282A36" fontName="" fontStyle="0" fontSize="" />
            <WordsStyle name="COMMENT" styleID="9" fgColor="6272A4" bgColor="282A36" fontName="" fontStyle="0" fontSize="" />
            <WordsStyle name="NUMBER" styleID="5" fgColor="B5CEA8" bgColor="282A36" fontName="" fontStyle="0" fontSize="" />
            <WordsStyle name="DOUBLESTRING" styleID="6" fgColor="F8F8F2" bgColor="282A36" fontName="" fontStyle="0" fontSize="" />
            <WordsStyle name="SINGLESTRING" styleID="7" fgColor="F8F8F2" bgColor="282A36" fontName="" fontStyle="0" fontSize="" />
            <WordsStyle name="TAG" styleID="1" fgColor="FF79C6" bgColor="282A36" fontName="" fontStyle="0" fontSize="" />
            <WordsStyle name="TAGEND" styleID="11" fgColor="FF79C6" bgColor="282A36" fontName="" fontStyle="0" fontSize="" />
            <WordsStyle name="TAGUNKNOWN" styleID="2" fgColor="FF79C6" bgColor="282A36" fontName="" fontStyle="0" fontSize="" />
            <WordsStyle name="ATTRIBUTE" styleID="3" fgColor="50FA7B" bgColor="282A36" fontName="" fontStyle="0" fontSize="" />
            <WordsStyle name="ATTRIBUTEUNKNOWN" styleID="4" fgColor="50FA7B" bgColor="282A36" fontName="" fontStyle="0" fontSize="" />
            <WordsStyle name="SGMLDEFAULT" styleID="21" fgColor="F8F8F2" bgColor="282A36" fontName="" fontStyle="0" fontSize="" />
            <WordsStyle name="CDATA" styleID="17" fgColor="FF79C6" bgColor="282A36" fontName="" fontStyle="0" fontSize="" />
            <WordsStyle name="VALUE" styleID="19" fgColor="FF79C6" bgColor="282A36" fontName="" fontStyle="0" fontSize="" />
            <WordsStyle name="ENTITY" styleID="10" fgColor="FF79C6" bgColor="282A36" fontName="" fontStyle="0" fontSize="" />
        </LexerType>
        <LexerType name="css" desc="CSS" ext="">
            <WordsStyle name="DEFAULT" styleID="0" fgColor="F8F8F2" bgColor="282A36" fontName="" fontStyle="0" fontSize="" />
            <WordsStyle name="TAG" styleID="1" fgColor="FF79C6" bgColor="282A36" fontName="Batang" fontStyle="0" fontSize="" />
            <WordsStyle name="CLASS" styleID="2" fgColor="50FA7B" bgColor="282A36" fontName="" fontStyle="0" fontSize="" />
            <WordsStyle name="PSEUDOCLASS" styleID="3" fgColor="50FA7B" bgColor="282A36" fontName="" fontStyle="1" fontSize="" />
            <WordsStyle name="UNKNOWN_PSEUDOCLASS" styleID="4" fgColor="F8F8F2" bgColor="282A36" fontName="" fontStyle="0" fontSize="" />
            <WordsStyle name="OPERATOR" styleID="5" fgColor="FF79C6" bgColor="282A36" fontName="" fontStyle="1" fontSize="" />
            <WordsStyle name="IDENTIFIER" styleID="6" fgColor="F8F8F2" bgColor="282A36" fontName="" fontStyle="1" fontSize="" keywordClass="instre1" />
            <WordsStyle name="UNKNOWN_IDENTIFIER" styleID="7" fgColor="F8F8F2" bgColor="282A36" fontName="" fontStyle="0" fontSize="" />
            <WordsStyle name="VALUE" styleID="8" fgColor="F8F8F2" bgColor="282A36" fontName="" fontStyle="1" fontSize="" />
            <WordsStyle name="COMMENT" styleID="9" fgColor="6272A4" bgColor="282A36" fontName="" fontStyle="0" fontSize="" />
            <WordsStyle name="ID" styleID="10" fgColor="50FA7B" bgColor="282A36" fontName="" fontStyle="1" fontSize="" />
            <WordsStyle name="IMPORTANT" styleID="11" fgColor="50FA7B" bgColor="282A36" fontName="" fontStyle="1" fontSize="" />
            <WordsStyle name="DIRECTIVE" styleID="12" fgColor="50FA7B" bgColor="282A36" fontName="" fontStyle="0" fontSize="" />
        </LexerType>
        <LexerType name="c" desc="C" ext="cw">
            <WordsStyle name="PREPROCESSOR" styleID="9" fgColor="FF79C6" bgColor="282A36" fontName="" fontStyle="0" fontSize="" />
            <WordsStyle name="DEFAULT" styleID="11" fgColor="F8F8F2" bgColor="282A36" fontName="" fontStyle="0" fontSize="" />
            <WordsStyle name="INSTRUCTION WORD" styleID="5" fgColor="FF79C6" bgColor="282A36" fontName="" fontStyle="0" fontSize="" keywordClass="instre1" />
            <WordsStyle name="TYPE WORD" styleID="16" fgColor="50FA7B" bgColor="282A36" fontName="" fontStyle="0" fontSize="" />
            <WordsStyle name="NUMBER" styleID="4" fgColor="FF5555" bgColor="282A36" fontName="" fontStyle="0" fontSize="" />
            <WordsStyle name="STRING" styleID="6" fgColor="FF5555" bgColor="282A36" fontName="" fontStyle="0" fontSize="" />
            <WordsStyle name="CHARACTER" styleID="7" fgColor="FFB86C" bgColor="282A36" fontName="" fontStyle="0" fontSize="" />
            <WordsStyle name="OPERATOR" styleID="10" fgColor="FF79C6" bgColor="282A36" fontName="" fontStyle="0" fontSize="" />
            <WordsStyle name="VERBATIM" styleID="13" fgColor="F8F8F2" bgColor="282A36" fontName="" fontStyle="0" fontSize="" />
            <WordsStyle name="REGEX" styleID="14" fgColor="8BE9FD" bgColor="282A36" fontName="" fontStyle="0" fontSize="" />
            <WordsStyle name="COMMENT" styleID="1" fgColor="6272A4" bgColor="282A36" fontName="" fontStyle="0" fontSize="" />
            <WordsStyle name="COMMENT LINE" styleID="2" fgColor="6272A4" bgColor="282A36" fontName="" fontStyle="0" fontSize="" />
            <WordsStyle name="COMMENT DOC" styleID="3" fgColor="6272A4" bgColor="282A36" fontName="" fontStyle="0" fontSize="" />
            <WordsStyle name="COMMENT LINE DOC" styleID="15" fgColor="6272A4" bgColor="282A36" fontName="" fontStyle="0" fontSize="" />
            <WordsStyle name="COMMENT DOC KEYWORD" styleID="17" fgColor="6272A4" bgColor="282A36" fontName="" fontStyle="0" fontSize="" />
            <WordsStyle name="COMMENT DOC KEYWORD ERROR" styleID="18" fgColor="6272A4" bgColor="282A36" fontName="" fontStyle="0" fontSize="" />
        </LexerType>   
        <LexerType name="cs" desc="C#" ext="vala">
            <WordsStyle name="PREPROCESSOR" styleID="9" fgColor="FF79C6" bgColor="282A36" fontName="" fontStyle="0" fontSize="" />
            <WordsStyle name="DEFAULT" styleID="11" fgColor="F8F8F2" bgColor="282A36" fontName="" fontStyle="0" fontSize="" />
            <WordsStyle name="INSTRUCTION WORD" styleID="5" fgColor="FF79C6" bgColor="282A36" fontName="" fontStyle="0" fontSize="" keywordClass="instre1" />
            <WordsStyle name="TYPE WORD" styleID="16" fgColor="50FA7B" bgColor="282A36" fontName="" fontStyle="0" fontSize="" />
            <WordsStyle name="NUMBER" styleID="4" fgColor="FF5555" bgColor="282A36" fontName="" fontStyle="0" fontSize="" />
            <WordsStyle name="STRING" styleID="6" fgColor="FF5555" bgColor="282A36" fontName="" fontStyle="0" fontSize="" />
            <WordsStyle name="CHARACTER" styleID="7" fgColor="FFB86C" bgColor="282A36" fontName="" fontStyle="0" fontSize="" />
            <WordsStyle name="OPERATOR" styleID="10" fgColor="FF79C6" bgColor="282A36" fontName="" fontStyle="0" fontSize="" />
            <WordsStyle name="VERBATIM" styleID="13" fgColor="F8F8F2" bgColor="282A36" fontName="" fontStyle="0" fontSize="" />
            <WordsStyle name="REGEX" styleID="14" fgColor="8BE9FD" bgColor="282A36" fontName="" fontStyle="0" fontSize="" />
            <WordsStyle name="COMMENT" styleID="1" fgColor="6272A4" bgColor="282A36" fontName="" fontStyle="0" fontSize="" />
            <WordsStyle name="COMMENT LINE" styleID="2" fgColor="6272A4" bgColor="282A36" fontName="" fontStyle="0" fontSize="" />
            <WordsStyle name="COMMENT DOC" styleID="3" fgColor="6272A4" bgColor="282A36" fontName="" fontStyle="0" fontSize="" />
            <WordsStyle name="COMMENT LINE DOC" styleID="15" fgColor="6272A4" bgColor="282A36" fontName="" fontStyle="0" fontSize="" />
            <WordsStyle name="COMMENT DOC KEYWORD" styleID="17" fgColor="6272A4" bgColor="282A36" fontName="" fontStyle="0" fontSize="" />
            <WordsStyle name="COMMENT DOC KEYWORD ERROR" styleID="18" fgColor="6272A4" bgColor="282A36" fontName="" fontStyle="0" fontSize="" />
        </LexerType>
        <LexerType name="sql" desc="SQL" ext="">
            <WordsStyle name="KEYWORD" styleID="5" fgColor="FF79C6" bgColor="282A36" fontName="" fontStyle="0" fontSize="" keywordClass="instre1" />
            <WordsStyle name="NUMBER" styleID="4" fgColor="FF5555" bgColor="282A36" fontName="" fontStyle="0" fontSize="" />
            <WordsStyle name="STRING" styleID="6" fgColor="FF5555" bgColor="282A36" fontName="" fontStyle="0" fontSize="">ooooo</WordsStyle>
            <WordsStyle name="STRING2" styleID="7" fgColor="FF5555" bgColor="282A36" fontName="" fontStyle="0" fontSize="" />
            <WordsStyle name="OPERATOR" styleID="10" fgColor="FF79C6" bgColor="282A36" fontName="" fontStyle="0" fontSize="" />
            <WordsStyle name="COMMENT" styleID="1" fgColor="6272A4" bgColor="282A36" fontName="" fontStyle="0" fontSize="" />
            <WordsStyle name="COMMENT LINE" styleID="2" fgColor="6272A4" bgColor="282A36" fontName="" fontStyle="0" fontSize="" />
            <WordsStyle name="COMMENT DOC" styleID="3" fgColor="6272A4" bgColor="282A36" fontName="" fontStyle="0" fontSize="" />
            <WordsStyle name="COMMENT LINE DOC" styleID="15" fgColor="6272A4" bgColor="282A36" fontName="" fontStyle="0" fontSize="" />
        </LexerType>
        <LexerType name="json" desc="JSON" ext="">
            <WordsStyle name="DEFAULT" styleID="11" fgColor="F8F8F2" bgColor="282A36" fontName="" fontStyle="0" fontSize="" />
            <WordsStyle name="NUMBER" styleID="4" fgColor="F1FA8C" bgColor="282A36" fontName="" fontStyle="0" fontSize="" />
            <WordsStyle name="STRING DOUBLE QUOTE" styleID="6" fgColor="50FA7B" bgColor="282A36" fontName="" fontStyle="0" fontSize="" />
            <WordsStyle name="STRING SINGLE QUOTE" styleID="7" fgColor="50FA7B" bgColor="282A36" fontName="" fontStyle="0" fontSize="" />
            <WordsStyle name="BOOLEAN NULL" styleID="5" fgColor="F1FA8C" bgColor="282A36" fontName="" fontStyle="1" fontSize="" keywordClass="instre1" />
            <WordsStyle name="OPERATOR" styleID="10" fgColor="FF79C6" bgColor="282A36" fontName="" fontStyle="1" fontSize="" />
        </LexerType>
        <LexerType name="javascript" desc="JavaScript (embedded)" ext="">
            <WordsStyle name="DEFAULT" styleID="41" fgColor="F8F8F2" bgColor="282A36" fontName="" fontStyle="0" fontSize="" />
            <WordsStyle name="NUMBER" styleID="45" fgColor="FF5555" bgColor="282A36" fontName="" fontStyle="0" fontSize="" />
            <WordsStyle name="WORD" styleID="46" fgColor="50FA7B" bgColor="282A36" fontName="" fontStyle="0" fontSize="" />
            <WordsStyle name="KEYWORD" styleID="47" fgColor="FF79C6" bgColor="282A36" fontName="" fontStyle="3" fontSize="" keywordClass="instre1" />
            <WordsStyle name="DOUBLESTRING" styleID="48" fgColor="FF5555" bgColor="282A36" fontName="" fontStyle="0" fontSize="" />
            <WordsStyle name="SINGLESTRING" styleID="49" fgColor="FF5555" bgColor="282A36" fontName="" fontStyle="0" fontSize="" />
            <WordsStyle name="SYMBOLS" styleID="50" fgColor="F8F8F2" bgColor="282A36" fontName="" fontStyle="1" fontSize="" />
            <WordsStyle name="REGEX" styleID="52" fgColor="8BE9FD" bgColor="282A36" fontName="" fontStyle="0" fontSize="" />
            <WordsStyle name="COMMENT" styleID="42" fgColor="6272A4" bgColor="282A36" fontName="" fontStyle="0" fontSize="" />
            <WordsStyle name="COMMENTLINE" styleID="43" fgColor="6272A4" bgColor="282A36" fontName="" fontStyle="0" fontSize="" />
            <WordsStyle name="COMMENTDOC" styleID="44" fgColor="6272A4" bgColor="282A36" fontName="" fontStyle="0" fontSize="" />
        </LexerType>
        <LexerType name="python" desc="Python" ext="">
            <WordsStyle name="DEFAULT" styleID="0" fgColor="F8F8F2" bgColor="282A36" fontName="" fontStyle="0" fontSize="" />
            <WordsStyle name="COMMENTLINE" styleID="1" fgColor="6272A4" bgColor="282A36" fontName="" fontStyle="0" fontSize="" />
            <WordsStyle name="NUMBER" styleID="2" fgColor="FF5555" bgColor="282A36" fontName="" fontStyle="0" fontSize="" />
            <WordsStyle name="STRING" styleID="3" fgColor="FF5555" bgColor="282A36" fontName="" fontStyle="0" fontSize="" />
            <WordsStyle name="CHARACTER" styleID="4" fgColor="FFB86C" bgColor="282A36" fontName="" fontStyle="0" fontSize="" />
            <WordsStyle name="KEYWORDS" styleID="5" fgColor="FF79C6" bgColor="282A36" fontName="" fontStyle="1" fontSize="" keywordClass="instre1" />
            <WordsStyle name="TRIPLE" styleID="6" fgColor="F1FA8C" bgColor="282A36" fontName="" fontStyle="0" fontSize="" />
            <WordsStyle name="TRIPLEDOUBLE" styleID="7" fgColor="F1FA8C" bgColor="282A36" fontName="" fontStyle="0" fontSize="" />
            <WordsStyle name="CLASSNAME" styleID="8" fgColor="FF79C6" bgColor="282A36" fontName="" fontStyle="1" fontSize="" />
            <WordsStyle name="DEFNAME" styleID="9" fgColor="50FA7B" bgColor="282A36" fontName="" fontStyle="0" fontSize="" />
            <WordsStyle name="OPERATOR" styleID="10" fgColor="FF79C6" bgColor="282A36" fontName="" fontStyle="1" fontSize="" />
            <WordsStyle name="IDENTIFIER" styleID="11" fgColor="50FA7B" bgColor="282A36" fontName="" fontStyle="0" fontSize="" />
            <WordsStyle name="COMMENTBLOCK" styleID="12" fgColor="6272A4" bgColor="282A36" fontName="" fontStyle="0" fontSize="" />
            <WordsStyle name="DECORATOR" styleID="15" fgColor="FF79C6" bgColor="282A36" fontName="" fontStyle="2" fontSize="" />
        </LexerType>
        <LexerType name="ini" desc="ini file" ext="cfg conf">
            <WordsStyle name="DEFAULT" styleID="0" fgColor="F8F8F2" bgColor="282A36" fontName="" fontStyle="0" fontSize="" />
            <WordsStyle name="COMMENT" styleID="1" fgColor="6272A4" bgColor="282A36" fontName="" fontStyle="0" fontSize="" />
            <WordsStyle name="SECTION" styleID="2" fgColor="FF79C6" bgColor="282A36" fontName="" fontStyle="1" fontSize="" />
            <WordsStyle name="ASSIGNMENT" styleID="3" fgColor="FF79C6" bgColor="282A36" fontName="" fontStyle="1" fontSize="" />
            <WordsStyle name="DEFVAL" styleID="4" fgColor="FF79C6" bgColor="282A36" fontName="" fontStyle="0" fontSize="" />
        </LexerType>
        <LexerType name="ruby" desc="Ruby" ext="">
            <WordsStyle name="DEFAULT" styleID="0" fgColor="F8F8F2" bgColor="282A36" fontName="" fontStyle="0" fontSize="" />
            <WordsStyle name="ERROR" styleID="1" fgColor="F1FA8C" bgColor="282A36" fontName="" fontStyle="0" fontSize="" />
            <WordsStyle name="COMMENTLINE" styleID="2" fgColor="6272A4" bgColor="282A36" fontName="" fontStyle="0" fontSize="" />
            <WordsStyle name="POD" styleID="3" fgColor="6272A4" bgColor="282A36" fontName="" fontStyle="0" fontSize="" />
            <WordsStyle name="NUMBER" styleID="4" fgColor="FF5555" bgColor="282A36" fontName="" fontStyle="0" fontSize="">if else for while</WordsStyle>
            <WordsStyle name="INSTRUCTION" styleID="5" fgColor="FF79C6" bgColor="282A36" fontName="" fontStyle="1" fontSize="" keywordClass="instre1">bool long int char</WordsStyle>
            <WordsStyle name="STRING" styleID="6" fgColor="FF5555" bgColor="282A36" fontName="" fontStyle="0" fontSize="" />
            <WordsStyle name="CHARACTER" styleID="7" fgColor="FFB86C" bgColor="282A36" fontName="" fontStyle="0" fontSize="" />
            <WordsStyle name="CLASS NAME" styleID="8" fgColor="FF79C6" bgColor="282A36" fontName="" fontStyle="1" fontSize="" />
            <WordsStyle name="DEF NAME" styleID="9" fgColor="50FA7B" bgColor="282A36" fontName="" fontStyle="1" fontSize="" />
            <WordsStyle name="OPERATOR" styleID="10" fgColor="FF79C6" bgColor="282A36" fontName="" fontStyle="1" fontSize="" />
            <WordsStyle name="IDENTIFIER" styleID="11" fgColor="50FA7B" bgColor="282A36" fontName="" fontStyle="0" fontSize="" />
            <WordsStyle name="REGEX" styleID="12" fgColor="8BE9FD" bgColor="282A36" fontName="" fontStyle="0" fontSize="" />
            <WordsStyle name="GLOBAL" styleID="13" fgColor="FF79C6" bgColor="282A36" fontName="" fontStyle="1" fontSize="" />
            <WordsStyle name="SYMBOL" styleID="14" fgColor="FFB86C" bgColor="282A36" fontName="" fontStyle="0" fontSize="" />
            <WordsStyle name="MODULE NAME" styleID="15" fgColor="FF79C6" bgColor="282A36" fontName="" fontStyle="1" fontSize="" />
            <WordsStyle name="INSTANCE VAR" styleID="16" fgColor="50FA7B" bgColor="282A36" fontName="" fontStyle="0" fontSize="" />
            <WordsStyle name="CLASS VAR" styleID="17" fgColor="50FA7B" bgColor="282A36" fontName="" fontStyle="0" fontSize="" />
            <WordsStyle name="BACKTICKS" styleID="18" fgColor="FF79C6" bgColor="282A36" fontName="" fontStyle="0" fontSize="" />
            <WordsStyle name="DATA SECTION" styleID="19" fgColor="FF79C6" bgColor="282A36" fontName="" fontStyle="0" fontSize="" />
            <WordsStyle name="STRING Q" styleID="24" fgColor="FF5555" bgColor="282A36" fontName="" fontStyle="0" fontSize="" />
        </LexerType>
        <LexerType name="bash" desc="bash" ext="">
            <WordsStyle name="DEFAULT" styleID="0" fgColor="F8F8F2" bgColor="282A36" fontName="" fontStyle="0" fontSize="" />
            <WordsStyle name="ERROR" styleID="1" fgColor="FF5555" bgColor="282A36" fontName="" fontStyle="0" fontSize="" />
            <WordsStyle name="INSTRUCTION WORD" styleID="4" fgColor="FF79C6" bgColor="282A36" fontName="" fontStyle="1" fontSize="" keywordClass="instre1" />
            <WordsStyle name="NUMBER" styleID="3" fgColor="FF5555" bgColor="282A36" fontName="" fontStyle="0" fontSize="" />
            <WordsStyle name="STRING" styleID="5" fgColor="FF5555" bgColor="282A36" fontName="" fontStyle="0" fontSize="" />
            <WordsStyle name="CHARACTER" styleID="6" fgColor="FFB86C" bgColor="282A36" fontName="" fontStyle="0" fontSize="" />
            <WordsStyle name="OPERATOR" styleID="7" fgColor="FF79C6" bgColor="282A36" fontName="" fontStyle="1" fontSize="" />
            <WordsStyle name="IDENTIFIER" styleID="8" fgColor="50FA7B" bgColor="282A36" fontName="" fontStyle="0" fontSize="" />
            <WordsStyle name="SCALAR" styleID="9" fgColor="50FA7B" bgColor="282A36" fontName="" fontStyle="1" fontSize="" />
            <WordsStyle name="COMMENT LINE" styleID="2" fgColor="6272A4" bgColor="282A36" fontName="" fontStyle="0" fontSize="" />
            <WordsStyle name="PARAM" styleID="10" fgColor="50FA7B" bgColor="282A36" fontName="" fontStyle="0" fontSize="" />
            <WordsStyle name="BACKTICKS" styleID="11" fgColor="FF79C6" bgColor="282A36" fontName="" fontStyle="1" fontSize="" />
            <WordsStyle name="HERE DELIM" styleID="12" fgColor="FF79C6" bgColor="282A36" fontName="" fontStyle="1" fontSize="" />
            <WordsStyle name="HERE Q" styleID="13" fgColor="FF79C6" bgColor="282A36" fontName="" fontStyle="0" fontSize="" />
        </LexerType>
        <LexerType name="haskell" desc="Haskell" ext="">
            <WordsStyle name="DEFAULT" styleID="0" fgColor="F8F8F2" bgColor="282A36" fontName="" fontStyle="0" fontSize="" />
            <WordsStyle name="IDENTIFIER" styleID="1" fgColor="50FA7B" bgColor="282A36" fontName="" fontStyle="0" fontSize="" />
            <WordsStyle name="KEYWORD" styleID="2" fgColor="FF79C6" bgColor="282A36" fontName="" fontStyle="1" fontSize="" />
            <WordsStyle name="NUMBER" styleID="3" fgColor="FF5555" bgColor="282A36" fontName="" fontStyle="0" fontSize="" />
            <WordsStyle name="STRING" styleID="4" fgColor="FF5555" bgColor="282A36" fontName="" fontStyle="0" fontSize="" />
            <WordsStyle name="CHARACTER" styleID="5" fgColor="FFB86C" bgColor="282A36" fontName="" fontStyle="0" fontSize="" />
            <WordsStyle name="CLASS" styleID="6" fgColor="50FA7B" bgColor="282A36" fontName="" fontStyle="1" fontSize="" />
            <WordsStyle name="MODULE" styleID="7" fgColor="50FA7B" bgColor="282A36" fontName="" fontStyle="0" fontSize="" />
            <WordsStyle name="CAPITAL" styleID="8" fgColor="50FA7B" bgColor="282A36" fontName="" fontStyle="0" fontSize="" />
            <WordsStyle name="DATA" styleID="9" fgColor="FF79C6" bgColor="282A36" fontName="" fontStyle="0" fontSize="" />
            <WordsStyle name="IMPORT" styleID="10" fgColor="FF79C6" bgColor="282A36" fontName="" fontStyle="0" fontSize="" />
            <WordsStyle name="OPERATOR" styleID="11" fgColor="FF79C6" bgColor="282A36" fontName="" fontStyle="0" fontSize="" />
            <WordsStyle name="INSTANCE" styleID="12" fgColor="FF79C6" bgColor="282A36" fontName="" fontStyle="0" fontSize="" />
            <WordsStyle name="COMMENTLINE" styleID="13" fgColor="6272A4" bgColor="282A36" fontName="" fontStyle="0" fontSize="" />
            <WordsStyle name="COMMENTBLOCK" styleID="14" fgColor="6272A4" bgColor="282A36" fontName="" fontStyle="0" fontSize="" />
            <WordsStyle name="COMMENTBLOCK2" styleID="15" fgColor="6272A4" bgColor="282A36" fontName="" fontStyle="0" fontSize="" />
            <WordsStyle name="COMMENTBLOCK3" styleID="16" fgColor="6272A4" bgColor="282A36" fontName="" fontStyle="0" fontSize="" />
        </LexerType>
        <LexerType name="lua" desc="Lua" ext="">
            <WordsStyle name="DEFAULT" styleID="0" fgColor="F8F8F2" bgColor="282A36" fontName="" fontStyle="0" fontSize="" />
            <WordsStyle name="COMMENT" styleID="1" fgColor="6272A4" bgColor="282A36" fontName="" fontStyle="0" fontSize="" />
            <WordsStyle name="COMMENT LINE" styleID="2" fgColor="6272A4" bgColor="282A36" fontName="" fontStyle="0" fontSize="" />
            <WordsStyle name="COMMENT DOC" styleID="3" fgColor="6272A4" bgColor="282A36" fontName="" fontStyle="0" fontSize="" />
            <WordsStyle name="LITERALSTRING" styleID="8" fgColor="FF5555" bgColor="282A36" fontName="" fontStyle="0" fontSize="" />
            <WordsStyle name="PREPROCESSOR" styleID="9" fgColor="FF79C6" bgColor="FFFFFF" fontName="" fontStyle="0" fontSize="" />
            <WordsStyle name="INSTRUCTION WORD" styleID="5" fgColor="FF79C6" bgColor="282A36" fontName="" fontStyle="1" fontSize="" keywordClass="instre1" />
            <WordsStyle name="NUMBER" styleID="4" fgColor="FF5555" bgColor="282A36" fontName="" fontStyle="0" fontSize="" />
            <WordsStyle name="STRING" styleID="6" fgColor="FF5555" bgColor="282A36" fontName="" fontStyle="0" fontSize="" />
            <WordsStyle name="CHARACTER" styleID="7" fgColor="FFB86C" bgColor="282A36" fontName="" fontStyle="0" fontSize="" />
            <WordsStyle name="OPERATOR" styleID="10" fgColor="FF79C6" bgColor="282A36" fontName="" fontStyle="1" fontSize="" />
            <WordsStyle name="FUNC1" styleID="13" fgColor="FF79C6" bgColor="282A36" fontName="" fontStyle="1" fontSize="" keywordClass="instre2" />
            <WordsStyle name="FUNC2" styleID="14" fgColor="50FA7B" bgColor="282A36" fontName="" fontStyle="1" fontSize="" keywordClass="type1" />
            <WordsStyle name="FUNC3" styleID="15" fgColor="50FA7B" bgColor="282A36" fontName="" fontStyle="3" fontSize="" keywordClass="type2" />
            <WordsStyle name="IDENTIFIER" styleID="11" fgColor="50FA7B" bgColor="282A36" fontName="" fontStyle="0" fontSize="" />
            <WordsStyle name="LABEL" styleID="20" fgColor="FF79C6" bgColor="282A36" fontName="" fontStyle="1" fontSize="" />
        </LexerType>
        <LexerType name="yaml" desc="YAML" ext="">
            <WordsStyle name="DEFAULT" styleID="0" fgColor="F8F8F2" bgColor="282A36" fontName="" fontStyle="0" fontSize="" />
            <WordsStyle name="IDENTIFIER" styleID="2" fgColor="50FA7B" bgColor="282A36" fontName="" fontStyle="1" fontSize="" />
            <WordsStyle name="COMMENT" styleID="1" fgColor="6272A4" bgColor="282A36" fontName="" fontStyle="0" fontSize="" />
            <WordsStyle name="INSTRUCTION WORD" styleID="3" fgColor="FF79C6" bgColor="282A36" fontName="" fontStyle="1" fontSize="" keywordClass="instre1" />
            <WordsStyle name="NUMBER" styleID="4" fgColor="FF5555" bgColor="282A36" fontName="" fontStyle="0" fontSize="" />
            <WordsStyle name="REFERENCE" styleID="5" fgColor="FF79C6" bgColor="282A36" fontName="" fontStyle="0" fontSize="" />
            <WordsStyle name="DOCUMENT" styleID="6" fgColor="50FA7B" bgColor="282A36" fontName="" fontStyle="0" fontSize="" />
            <WordsStyle name="TEXT" styleID="7" fgColor="FF5555" bgColor="282A36" fontName="" fontStyle="1" fontSize="" />
            <WordsStyle name="ERROR" styleID="8" fgColor="F1FA8C" bgColor="282A36" fontName="" fontStyle="0" fontSize="" />
        </LexerType>
        <LexerType name="props" desc="Properties file" ext="">
            <WordsStyle name="DEFAULT" styleID="0" fgColor="F8F8F2" bgColor="282A36" fontName="" fontStyle="0" fontSize="" />
            <WordsStyle name="COMMENT" styleID="1" fgColor="6272A4" bgColor="282A36" fontName="" fontStyle="0" fontSize="" />
            <WordsStyle name="SECTION" styleID="2" fgColor="FF79C6" bgColor="282A36" fontName="" fontStyle="1" fontSize="" />
            <WordsStyle name="ASSIGNMENT" styleID="3" fgColor="FF79C6" bgColor="282A36" fontName="" fontStyle="1" fontSize="" />
            <WordsStyle name="DEFVAL" styleID="4" fgColor="FF79C6" bgColor="282A36" fontName="" fontStyle="0" fontSize="" />
        </LexerType>
        <LexerType name="php" desc="php" ext="">
            <WordsStyle name="QUESTION MARK" styleID="18" fgColor="50FA7B" bgColor="282A36" fontName="" fontStyle="0" fontSize="" />
            <WordsStyle name="DEFAULT" styleID="118" fgColor="F8F8F2" bgColor="282A36" fontName="" fontStyle="0" fontSize="" />
            <WordsStyle name="STRING" styleID="119" fgColor="FF5555" bgColor="282A36" fontName="" fontStyle="0" fontSize="" />
            <WordsStyle name="STRING VARIABLE" styleID="126" fgColor="FF5555" bgColor="282A36" fontName="" fontStyle="1" fontSize="" />
            <WordsStyle name="SIMPLESTRING" styleID="120" fgColor="FF5555" bgColor="282A36" fontName="" fontStyle="0" fontSize="" />
            <WordsStyle name="WORD" styleID="121" fgColor="FF79C6" bgColor="282A36" fontName="" fontStyle="1" fontSize="" keywordClass="instre1" />
            <WordsStyle name="NUMBER" styleID="122" fgColor="FF5555" bgColor="282A36" fontName="" fontStyle="0" fontSize="" />
            <WordsStyle name="VARIABLE" styleID="123" fgColor="50FA7B" bgColor="282A36" fontName="" fontStyle="0" fontSize="" />
            <WordsStyle name="COMMENT" styleID="124" fgColor="6272A4" bgColor="282A36" fontName="" fontStyle="0" fontSize="" />
            <WordsStyle name="COMMENTLINE" styleID="125" fgColor="6272A4" bgColor="282A36" fontName="" fontStyle="0" fontSize="" />
            <WordsStyle name="OPERATOR" styleID="127" fgColor="FF79C6" bgColor="282A36" fontName="" fontStyle="0" fontSize="" />
        </LexerType>
        <LexerType name="makefile" desc="Makefile" ext="">
            <WordsStyle name="DEFAULT" styleID="0" fgColor="F8F8F2" bgColor="282A36" fontName="" fontStyle="0" fontSize="" />
            <WordsStyle name="COMMENT" styleID="1" fgColor="6272A4" bgColor="282A36" fontName="" fontStyle="0" fontSize="" />
            <WordsStyle name="PREPROCESSOR" styleID="2" fgColor="804000" bgColor="282A36" fontName="" fontStyle="1" fontSize="" />
            <WordsStyle name="IDENTIFIER" styleID="3" fgColor="50FA7B" bgColor="282A36" fontName="" fontStyle="0" fontSize="" />
            <WordsStyle name="OPERATOR" styleID="4" fgColor="FF79C6" bgColor="282A36" fontName="" fontStyle="1" fontSize="" />
            <WordsStyle name="TARGET" styleID="5" fgColor="50FA7B" bgColor="282A36" fontName="" fontStyle="0" fontSize="" />
            <WordsStyle name="IDEOL" styleID="9" fgColor="FF79C6" bgColor="282A36" fontName="" fontStyle="2" fontSize="" />
        </LexerType>
        <LexerType name="powershell" desc="PowerShell" ext="">
            <WordsStyle name="DEFAULT" styleID="0" fgColor="F8F8F2" bgColor="282A36" fontName="" fontStyle="0" fontSize="" />
            <WordsStyle name="COMMENT" styleID="1" fgColor="6272A4" bgColor="282A36" fontName="" fontStyle="0" fontSize="" />
            <WordsStyle name="STRING" styleID="2" fgColor="FF5555" bgColor="282A36" fontName="" fontStyle="0" fontSize="" />
            <WordsStyle name="CHARACTER" styleID="3" fgColor="FFB86C" bgColor="282A36" fontName="" fontStyle="0" fontSize="" />
            <WordsStyle name="NUMBER" styleID="4" fgColor="FF5555" bgColor="282A36" fontName="" fontStyle="0" fontSize="" />
            <WordsStyle name="VARIABLE" styleID="5" fgColor="50FA7B" bgColor="282A36" fontName="" fontStyle="1" fontSize="" />
            <WordsStyle name="OPERATOR" styleID="6" fgColor="FF79C6" bgColor="282A36" fontName="" fontStyle="1" fontSize="" />
            <WordsStyle name="INSTRUCTION WORD" styleID="8" fgColor="FF79C6" bgColor="282A36" fontName="" fontStyle="1" fontSize="" keywordClass="instre1" />
            <WordsStyle name="CMDLET" styleID="9" fgColor="BD93F9" bgColor="282A36" fontName="" fontStyle="0" fontSize="" keywordClass="instre2" />
            <WordsStyle name="ALIAS" styleID="10" fgColor="BD93F9" bgColor="282A36" fontName="" fontStyle="0" fontSize="" keywordClass="type1" />
            <WordsStyle name="COMMENT STREAM" styleID="13" fgColor="6272A4" bgColor="282A36" fontName="" fontStyle="0" fontSize="" />
            <WordsStyle name="HERE STRING" styleID="14" fgColor="FF5555" bgColor="282A36" fontName="" fontStyle="0" fontSize="" />
            <WordsStyle name="HERE CHARACTER" styleID="15" fgColor="FFB86C" bgColor="282A36" fontName="" fontStyle="0" fontSize="" />
            <WordsStyle name="COMMENT DOC KEYWORD" styleID="16" fgColor="6272A4" bgColor="282A36" fontName="" fontStyle="1" fontSize="" keywordClass="type4" />
        </LexerType>
        <LexerType name="matlab" desc="Matlab" ext="">
            <WordsStyle name="DEFAULT" styleID="0" fgColor="F8F8F2" bgColor="282A36" fontName="" fontStyle="0" fontSize="" />
            <WordsStyle name="COMMENT" styleID="1" fgColor="6272A4" bgColor="282A36" fontName="" fontStyle="0" fontSize="" />
            <WordsStyle name="COMMAND" styleID="2" fgColor="BD93F9" bgColor="282A36" fontName="" fontStyle="0" fontSize="" />
            <WordsStyle name="NUMBER" styleID="3" fgColor="FF5555" bgColor="282A36" fontName="" fontStyle="0" fontSize="" />
            <WordsStyle name="INSTRUCTION WORD" styleID="4" fgColor="FF79C6" bgColor="282A36" fontName="" fontStyle="1" fontSize="" keywordClass="instre1" />
            <WordsStyle name="STRING" styleID="5" fgColor="FF5555" bgColor="282A36" fontName="" fontStyle="0" fontSize="" />
            <WordsStyle name="OPERATOR" styleID="6" fgColor="FF79C6" bgColor="282A36" fontName="" fontStyle="1" fontSize="" />
            <WordsStyle name="IDENTIFIER" styleID="7" fgColor="50FA7B" bgColor="282A36" fontName="" fontStyle="0" fontSize="" />
            <WordsStyle name="DOUBLE QUOTE STRING" styleID="8" fgColor="FF5555" bgColor="282A36" fontName="" fontStyle="0" fontSize="" />
        </LexerType>
        <LexerType name="lisp" desc="LISP" ext="">
            <WordsStyle name="DEFAULT" styleID="0" fgColor="F8F8F2" bgColor="282A36" fontName="" fontStyle="0" fontSize="" />
            <WordsStyle name="COMMENTLINE" styleID="1" fgColor="6272A4" bgColor="282A36" fontName="" fontStyle="0" fontSize="" />
            <WordsStyle name="NUMBER" styleID="2" fgColor="FF5555" bgColor="282A36" fontName="" fontStyle="0" fontSize="" />
            <WordsStyle name="FUNCTION WORD" styleID="3" fgColor="50FA7B" bgColor="282A36" fontName="" fontStyle="1" fontSize="" keywordClass="instre1" />
            <WordsStyle name="FUNCTION WORD2" styleID="4" fgColor="50FA7B" bgColor="282A36" fontName="" fontStyle="1" fontSize="" keywordClass="instre2" />
            <WordsStyle name="SYMBOL" styleID="5" fgColor="FFB86C" bgColor="282A36" fontName="" fontStyle="1" fontSize="" />
            <WordsStyle name="STRING" styleID="6" fgColor="FF5555" bgColor="282A36" fontName="" fontStyle="0" fontSize="" />
            <WordsStyle name="IDENTIFIER" styleID="9" fgColor="50FA7B" bgColor="282A36" fontName="" fontStyle="0" fontSize="" />
            <WordsStyle name="OPERATOR" styleID="10" fgColor="FF79C6" bgColor="282A36" fontName="" fontStyle="1" fontSize="" keywordClass="type1" />
            <WordsStyle name="SPECIAL" styleID="11" fgColor="BD93F9" bgColor="282A36" fontName="" fontStyle="0" fontSize="" />
            <WordsStyle name="COMMENT" styleID="12" fgColor="6272A4" bgColor="282A36" fontName="" fontStyle="0" fontSize="" />
        </LexerType>
    </LexerStyles>
    <GlobalStyles>
        <!-- Attention : Don't modify the name of styleID="0" -->
        <WidgetStyle name="Global override" styleID="0" fgColor="F8F8F2" bgColor="282A36" fontName="Consolas" fontStyle="0" fontSize="10" />
        <WidgetStyle name="Default Style" styleID="32" fgColor="F8F8F2" bgColor="282A36" fontName="Consolas" fontStyle="0" fontSize="10" />
        <WidgetStyle name="Indent guideline style" styleID="37" fgColor="F8F8F2" bgColor="282A36" fontName="" fontStyle="0" fontSize="" />
        <WidgetStyle name="Brace highlight style" styleID="34" fgColor="F8F8F2" bgColor="282A36" fontName="" fontStyle="1" fontSize="10" />
        <WidgetStyle name="Bad brace colour" styleID="35" fgColor="F8F8F2" bgColor="282A36" fontName="" fontStyle="0" fontSize="" />
        <WidgetStyle name="Current line background colour" styleID="0" bgColor="2F3142" fgColor="F8F8F2" fontSize="" fontStyle="0" />
        <WidgetStyle name="Selected text colour" styleID="0" bgColor="44475A" fgColor="F8F8F2" fontStyle="0" />
        <WidgetStyle name="Caret colour" styleID="2069" fgColor="F8F8F2" bgColor="282A36" fontStyle="0" />
        <WidgetStyle name="Edge colour" styleID="0" fgColor="F8F8F2" bgColor="282A36" fontSize="" fontStyle="0" />
        <WidgetStyle name="Line number margin" styleID="33" fgColor="F8F8F2" bgColor="282A36" fontName="" fontStyle="0" fontSize="" />
        <WidgetStyle name="Fold" styleID="0" fgColor="BD93F9" bgColor="BD93F9" fontStyle="0" fontSize="" />
        <WidgetStyle name="Fold active" styleID="0" fgColor="BD93F9" fontStyle="0" fontSize="" bgColor="282A36" />
        <WidgetStyle name="Fold margin" styleID="0" fgColor="282A36" bgColor="282A36" fontStyle="0" fontSize="" />
        <WidgetStyle name="White space symbol" styleID="0" fgColor="F8F8F2" bgColor="282A36" fontStyle="0" fontSize="" />
        <WidgetStyle name="URL hovered" styleID="0" fgColor="F1FA8C" bgColor="282A36" fontStyle="0" />
        <WidgetStyle name="Tags attribute" styleID="26" bgColor="282A36" fgColor="F8F8F2" fontStyle="0" />
        <WidgetStyle name="Tags match highlighting" styleID="27" bgColor="BD93F9" fgColor="FFCAB0" fontStyle="0" />
        <WidgetStyle name="Smart HighLighting" styleID="29" bgColor="8BE9FD" fgColor="F8F8F2" fontSize="" fontStyle="1" />
        <WidgetStyle name="Active tab focused indicator" styleID="0" fgColor="FF5555" fontStyle="0" />
    </GlobalStyles>
</NotepadPlus>
